id,date,montant,type,compte_source,compte_destination
1,2022-10-02 10:10,342.88,C,FR7690756813407860885332,FR7689496809986121793380
2,2023-08-23 23:08,246.23,C,FR7674513318188267363753,FR7641135120176576901278
3,2023-09-22 07:09,29.44,C,FR7645508632576495437587,FR7679524209554265599448
4,2022-10-14 13:10,-837.67,D,FR7645618241426227395670,FR7671768591182449979260
5,2023-09-29 16:09,298.42,C,FR7668811663217232485840,FR7660286123202290398227
6,2023-12-01 21:12,-578.58,D,FR7654151642560040252991,FR7688848027508692999018
7,2022-06-20 12:06,232.4,C,FR7683677216259865532679,FR7680009724800968514661
8,2023-03-06 00:03,-550.61,D,FR7669879856662168947599,FR7681134487162164554156
9,2023-03-20 12:03,827.92,C,FR7695108510158282344235,FR7671777351168593946216
10,2023-02-12 22:02,19.72,C,FR7634509229250126231016,FR7683212058293687581906
11,2022-07-18 12:07,-118.07,D,FR7627954886417533082899,FR7667822021769233417020
12,2023-06-24 06:06,54.81,C,FR7678911740896572202154,FR7696772781868693533086
13,2023-09-01 02:09,-397.52,D,FR7667824957772324587543,FR7660035766411413054022
14,2023-12-28 19:12,881.64,C,FR7673011857659995589303,FR7666012131881437257819
15,2023-07-15 11:07,569.49,C,FR7661098955281534734647,FR7650074260580897966904
16,2023-07-22 06:07,722.68,C,FR7662104803355121733210,FR7644584673487128954813
17,2022-10-09 14:10,-397.12,D,FR7647932673786167727536,FR7685919213328815622878
18,2023-11-08 19:11,358.38,C,FR7631461757597391536658,FR7692333599704767514998
19,2023-07-24 22:07,49.99,C,FR7695816030583991159929,FR7610585841403287507096
20,2023-12-17 02:12,-876.77,D,FR7635289451603975087826,FR7643291178661838987272
21,2022-06-24 18:06,-337.75,D,FR7619978571331538458572,FR7689745726448431755242
22,2023-11-22 09:11,-695.43,D,FR7621594240101070403778,FR7682859227259554047273
23,2022-01-28 19:01,146.57,C,FR7640783328382450325210,FR7648375021189795433352
24,2022-01-17 06:01,-596.12,D,FR7666779037149785509896,FR7673861260857291552956
25,2022-04-05 13:04,-854.71,D,FR7619158799880812162621,FR7698406427406992902875
26,2023-09-02 12:09,-842.16,D,FR7664958074837870184695,FR7667828190233277184488
27,2022-01-30 02:01,952.15,C,FR7629696307551692678186,FR7696119369211083726656
28,2023-10-15 07:10,430.65,C,FR7613275188574713122023,FR7652805661812443219883
29,2022-02-11 01:02,382.99,C,FR7695198766106316504169,FR7644686816221769262327
30,2023-08-29 03:08,-76.26,D,FR7693322481296289962730,FR7665042710242051866902
31,2023-06-30 05:06,351.51,C,FR7691867645257938592124,FR7635855128446744229152
32,2022-09-20 02:09,376.56,C,FR7641891480655181372990,FR7681693221744035956046
33,2022-09-24 21:09,-755.76,D,FR7660849793174780152704,FR7622733483584687854556
34,2023-09-26 00:09,569.15,C,FR7657538065473656417638,FR7639925053510650422839
35,2023-02-14 22:02,-696.15,D,FR7672608973330065432864,FR7632189075522241216091
36,2023-03-31 01:03,134.3,C,FR7658039278890365752939,FR7656089063621846125601
37,2023-12-05 10:12,-947.45,D,FR7680363632985595422783,FR7639107302485345922769
38,2023-12-07 02:12,824.85,C,FR7669763590881829746064,FR7696032795514439598803
39,2022-10-04 17:10,-987.57,D,FR7660082052330348842042,FR7689628709963726099507
40,2022-06-10 20:06,-374.16,D,FR7677009809908832319118,FR7642523460518264519249
41,2022-05-07 17:05,-984.57,D,FR7619988329322710711887,FR7663856287150657394345
42,2023-03-22 07:03,543.4,C,FR7693797269915260707468,FR7671979330807964925930
43,2023-11-07 15:11,-27.29,D,FR7697974444770119023968,FR7689553178538595456036
44,2023-04-05 05:04,-660.21,D,FR7614631806633522104475,FR7657198247311271224664
45,2022-05-17 17:05,-840.59,D,FR7675319271128647904988,FR7696865423330723943315
46,2023-02-05 05:02,549.71,C,FR7659944966558360922058,FR7624177267591014465889
47,2022-04-25 13:04,-742.99,D,FR7617141810958277717584,FR7623655694691017018444
48,2022-09-20 19:09,-200.87,D,FR7624345031812642789191,FR7637298403948880931507
49,2023-08-07 19:08,-858.03,D,FR7634944620757094926880,FR7635349886762784949018
50,2023-03-26 00:03,-684.68,D,FR7692331718150053521796,FR7626086612770625552132
51,2022-02-17 23:02,-710.55,D,FR7611244862163133825863,FR7620571831736725046049
52,2023-10-15 00:10,102.05,C,FR7615088044643836387361,FR7640528510239858008349
53,2022-05-02 20:05,-500.93,D,FR7667636476658288861324,FR7694614271840792804985
54,2022-04-06 23:04,186.05,C,FR7610553084656024902076,FR7667744360954291114336
55,2022-03-12 13:03,-81.28,D,FR7679869546161718235427,FR7677337008554890011988
56,2022-02-21 15:02,679.38,C,FR7625455605829170685707,FR7628282043235526548638
57,2022-08-12 05:08,-768.17,D,FR7699832666220698532332,FR7647792344964035934386
58,2022-04-21 04:04,515.64,C,FR7688366982953811213983,FR7665267239323128915620
59,2023-11-06 22:11,41.56,C,FR7612174967853524323633,FR7618109041863798812741
60,2023-03-04 07:03,-607.42,D,FR7676466319790576987684,FR7622032788557690664772
61,2023-07-30 23:07,-857.62,D,FR7690791333150030981607,FR7647334726473418212954
62,2023-03-14 23:03,-499.52,D,FR7695024952759650779813,FR7663442533506425806503
63,2022-03-12 06:03,91.57,C,FR7665494884569746168336,FR7655133394491276394062
64,2023-04-12 06:04,747.12,C,FR7655443622313620534296,FR7627889897605979744266
65,2022-09-05 07:09,-595.5,D,FR7698697588966378866388,FR7635537820148797981681
66,2023-06-25 21:06,-436.68,D,FR7684336948286915357952,FR7617425895287024721806
67,2022-08-07 13:08,-149.4,D,FR7680422159949110091078,FR7684989634760333653367
68,2023-10-03 00:10,-190.22,D,FR7620896214537598287142,FR7668371464663447999172
69,2022-04-09 03:04,985.04,C,FR7694676902301145151991,FR7696901527124292026522
70,2023-07-21 08:07,854.01,C,FR7679353280918993499695,FR7655891944288883572106
71,2022-03-18 04:03,423.44,C,FR7615076211147277898450,FR7681657556676156386528
72,2023-07-25 13:07,-997.53,D,FR7664431586652325476105,FR7681806918129637423510
73,2023-04-12 04:04,914.98,C,FR7685673376526010675133,FR7696879234663844734951
74,2023-09-26 08:09,-540.62,D,FR7675155723713317901555,FR7660957366809655374546
75,2022-07-30 12:07,-663.24,D,FR7692982841597519909262,FR7632088547884923589144
76,2022-12-14 22:12,405.45,C,FR7674276368944975504720,FR7617306992293598082313
77,2022-09-20 02:09,191.05,C,FR7682606339641730168930,FR7677609196413848546417
78,2023-02-14 19:02,245.39,C,FR7676383427454651777809,FR7629097025169518276408
79,2023-09-16 00:09,985.8,C,FR7699135721495475946824,FR7661149301802153612880
80,2022-03-05 04:03,293.06,C,FR7670202398138636073577,FR7655929559819621623092
81,2023-02-09 20:02,-635.08,D,FR7646198370978441825716,FR7697711742690258727844
82,2023-10-31 13:10,-436.17,D,FR7636601617570579988737,FR7635598004103782255197
83,2022-10-08 04:10,464.76,C,FR7640323352273559661691,FR7634753670329358019772
84,2022-03-04 20:03,443.19,C,FR7667646438801526645731,FR7674189067687964681601
85,2023-10-17 23:10,-690.87,D,FR7678864340196380998107,FR7663553095199930704258
86,2023-09-27 23:09,-157.52,D,FR7629151095465373962785,FR7684565935327019008594
87,2022-02-26 15:02,210.99,C,FR7692536985626127637091,FR7632277171172164347583
88,2022-11-18 09:11,469.23,C,FR7688924837490779588350,FR7611465516392680136237
89,2023-01-25 12:01,479.21,C,FR7621238727688480846137,FR7623642369697041611994
90,2023-10-01 02:10,225.96,C,FR7648717387552468043225,FR7698006819360945188353
91,2023-12-07 08:12,-853.79,D,FR7642622593243659354294,FR7657231357111421495947
92,2022-08-23 19:08,-831.26,D,FR7652647760701978185373,FR7665783651947620503301
93,2022-12-12 18:12,161.85,C,FR7670436607662850982767,FR7696016828942376389579
94,2023-05-22 22:05,22.75,C,FR7646891944362487914319,FR7636598354426614812653
95,2022-04-05 02:04,-298.33,D,FR7695222406910283273234,FR7630952504928831908393
96,2023-11-16 12:11,-969.93,D,FR7621226330903074004641,FR7625967033418248092067
97,2022-01-23 23:01,-942.87,D,FR7645518834798347015792,FR7681524000426679386754
98,2022-06-14 10:06,-398.8,D,FR7664306080702167113517,FR7632284733990516536765
99,2023-09-29 18:09,-603.16,D,FR7619228158495190168033,FR7671578852529299959018
100,2023-02-13 07:02,343.72,C,FR7659127429758193233626,FR7615524276535835634834
101,2023-02-21 18:02,-924.39,D,FR7649977035223433213234,FR7632006520892399011307
102,2023-06-10 12:06,119.82,C,FR7653138976773876705091,FR7640807103773863426715
103,2023-03-15 05:03,854.26,C,FR7670235062538083116959,FR7678108864270391197805
104,2022-03-30 16:03,-87.73,D,FR7643628736764483026063,FR7622001549940573879875
105,2022-11-20 00:11,533.62,C,FR7687051954774122369989,FR7667904180788470824064
106,2023-09-21 06:09,399.36,C,FR7661214456225885671621,FR7698908882976231194537
107,2022-08-13 21:08,645.67,C,FR7622296748254688333766,FR7622668417715116739618
108,2023-10-09 18:10,-722.41,D,FR7657084106269950604898,FR7690355754701828787557
109,2022-01-29 16:01,-859.16,D,FR7696215225428393133312,FR7639263300435421292122
110,2022-10-01 13:10,-894.16,D,FR7670964180747074209359,FR7625918204729548998233
111,2023-05-22 11:05,-326.78,D,FR7666099589577986873255,FR7660463468548572633722
112,2022-06-17 23:06,969.5,C,FR7681782542869617327545,FR7631359141976398261279
113,2023-02-02 14:02,-726.73,D,FR7673817463280538025150,FR7648797462368959504884
114,2023-11-10 00:11,-602.97,D,FR7667738764837235933819,FR7671799993727555296820
115,2023-04-22 21:04,-783.24,D,FR7642346051107143145537,FR7663766777393060211081
116,2023-01-22 14:01,-970.85,D,FR7652383106795831099970,FR7631934075510813298236
117,2022-01-09 22:01,954.77,C,FR7657601199944122902132,FR7673463031489615836861
118,2023-12-10 10:12,513.21,C,FR7620615663794145231633,FR7621618617517385003460
119,2023-05-21 10:05,915.18,C,FR7678211000817182203203,FR7661788244775890336019
120,2023-01-31 06:01,-298.65,D,FR7638455166376991534797,FR7681379539230641029664
121,2023-08-25 15:08,728.79,C,FR7634722777899850201674,FR7651823160545544899032
122,2022-07-02 10:07,808.33,C,FR7672106156818145513932,FR7615059402164186577921
123,2023-08-14 02:08,806.53,C,FR7672695653986625477286,FR7640323971469926795276
124,2022-10-29 02:10,-699.92,D,FR7667436425182411284734,FR7688277513685588989324
125,2022-10-22 02:10,-62.91,D,FR7641402280338664424281,FR7618882037215979192437
126,2022-02-20 05:02,732.58,C,FR7629737672625817128698,FR7697773940473821413370
127,2022-09-25 00:09,-780.1,D,FR7667688758209843845105,FR7643622731967356369023
128,2023-03-31 01:03,-977.51,D,FR7622897707861762897789,FR7617987562950786201519
129,2022-09-24 04:09,-95.9,D,FR7614267995154526746461,FR7693587204666959291861
130,2022-09-29 18:09,-350.7,D,FR7636266575626747132121,FR7610072936560121374941
131,2022-05-06 18:05,-837.49,D,FR7671476800945458662949,FR7614445055650591628907
132,2023-05-31 11:05,697.53,C,FR7657975022529144333714,FR7634122735179971269132
133,2023-01-07 15:01,-432.36,D,FR7677567249523357497497,FR7678479301478057634409
134,2023-08-12 01:08,-415.9,D,FR7654045105342795492409,FR7628512971666013471636
135,2023-04-07 06:04,-153.73,D,FR7669499039288015962394,FR7699262475331076312671
136,2022-07-26 06:07,196.41,C,FR7689903547530928947370,FR7639666843549830628339
137,2023-09-22 09:09,-61.93,D,FR7638048843792711329132,FR7674458084136990486188
138,2023-04-25 23:04,-842.44,D,FR7623519422451897188416,FR7647499210391637683647
139,2022-08-15 23:08,-603.26,D,FR7678874673186739253863,FR7622559542350721662639
140,2023-11-13 07:11,-959.33,D,FR7650876714295985049739,FR7690002482821426475637
141,2022-06-05 22:06,-646.69,D,FR7692725663651532679953,FR7613381354354074779181
142,2023-06-23 21:06,-507.29,D,FR7635431028481889806216,FR7665141334339130829391
143,2022-04-01 22:04,479.71,C,FR7686707967212716436415,FR7625429025622822082107
144,2022-10-17 17:10,-553.12,D,FR7694133049688946611802,FR7643398582488279359776
145,2023-01-26 05:01,117.62,C,FR7691928867139050666169,FR7666612959593911032026
146,2022-12-18 09:12,-850.95,D,FR7656926247690032813096,FR7664635091198981115931
147,2022-10-15 13:10,-681.63,D,FR7640224966955457775119,FR7610746408282039864772
148,2023-10-23 15:10,-926.86,D,FR7654227437970022475154,FR7625522315439888943868
149,2023-07-09 03:07,-447.99,D,FR7686345104115438292624,FR7635585653261673439584
150,2023-03-31 20:03,-153.73,D,FR7678893217715899473105,FR7693811041724355112279
151,2023-07-08 21:07,179.52,C,FR7686607416567852675484,FR7676663454418922304766
152,2022-06-12 16:06,-875.45,D,FR7653977839970227312986,FR7634921985526498064474
153,2022-10-03 23:10,740.83,C,FR7686056869655814592930,FR7615283046669289688779
154,2023-04-05 04:04,-379.73,D,FR7617655199844463001698,FR7654964869798396499885
155,2022-07-26 07:07,896.46,C,FR7697799816829221954128,FR7690669243344381213216
156,2023-02-10 10:02,-948.98,D,FR7643254218964281393602,FR7671735535685720606703
157,2022-03-17 11:03,757.52,C,FR7613887890445848832250,FR7690386914270223524398
158,2022-04-07 03:04,-118.06,D,FR7699415428256410323444,FR7626703619336575247738
159,2023-02-14 08:02,750.12,C,FR7688024002157093793174,FR7682955215901528918955
160,2022-05-29 17:05,-950.09,D,FR7626353164356762166143,FR7610901904207287884349
161,2023-05-06 06:05,939.6,C,FR7666492457691367452843,FR7627734228383023279339
162,2022-01-16 20:01,771.32,C,FR7654364617691929089363,FR7670571216121216038439
163,2022-01-01 01:01,512.83,C,FR7691617875501747057780,FR7649363765134964568569
164,2023-02-28 01:02,-191.21,D,FR7631432301713133081658,FR7662996351264053509223
165,2022-04-28 00:04,563.78,C,FR7640522025238145522615,FR7618033417384765226964
166,2022-04-21 15:04,-851.28,D,FR7675354640435457993658,FR7666004870972255201902
167,2022-06-26 01:06,-76.83,D,FR7637771831752972611204,FR7663981617700897387180
168,2023-04-24 19:04,350.15,C,FR7636775750746075334980,FR7617624790611951154167
169,2022-04-14 06:04,402.12,C,FR7628691612747556001475,FR7636336340842017059015
170,2022-09-01 19:09,209.33,C,FR7696378996329775814440,FR7616273408266525902447
171,2023-09-19 00:09,545.23,C,FR7678897308278381275523,FR7668427774185153692957
172,2022-11-23 14:11,-108.77,D,FR7642354900281645881337,FR7669702189217534591272
173,2023-11-10 09:11,-699.55,D,FR7693271775999271134318,FR7639839756251129503484
174,2022-04-20 21:04,-457.09,D,FR7659785507669487116965,FR7617462622371056625874
175,2022-01-20 07:01,733.31,C,FR7630997794805613366922,FR7624195725844288801605
176,2022-10-13 06:10,-237.61,D,FR7617644377549858488167,FR7614333222835654249454
177,2023-09-23 04:09,-19.89,D,FR7619642404782995184736,FR7678219004727952167036
178,2023-02-12 03:02,835.03,C,FR7648743100820425915335,FR7686234985109180452874
179,2023-02-02 17:02,-162.58,D,FR7690073991363953286274,FR7622368048162741043166
180,2022-12-03 20:12,-332.05,D,FR7668462713882192038674,FR7626213827413761677195
181,2022-12-09 02:12,-74.45,D,FR7619088211163590595920,FR7694045238955678512195
182,2023-02-18 07:02,-837.77,D,FR7614065690637291095212,FR7635375449750188148237
183,2022-05-29 16:05,-989.43,D,FR7694445878951778598666,FR7643421070582774311395
184,2022-06-18 00:06,-452.56,D,FR7637824119442013923733,FR7631231248939611325911
185,2022-12-22 20:12,529.48,C,FR7663596174158051301075,FR7688627807910438144046
186,2023-07-04 20:07,-8.29,D,FR7661053734401454413787,FR7647436753733384607287
187,2022-09-03 17:09,-325.81,D,FR7630605649570122623328,FR7639714017513916036062
188,2022-10-17 04:10,-737.03,D,FR7657638310310288662223,FR7666608189445663941905
189,2023-06-12 06:06,-656.33,D,FR7625231816566710834185,FR7665528005366689988315
190,2023-01-18 21:01,-519.8,D,FR7611239991902057473609,FR7640531406636226674663
191,2022-09-26 21:09,-739.62,D,FR7622547546425665862836,FR7676714222438581734717
192,2023-07-29 06:07,-414.17,D,FR7696265461787672138749,FR7680496452648758547669
193,2023-02-22 03:02,927.63,C,FR7662133123860724445843,FR7652234505286870516862
194,2022-06-26 09:06,-708.69,D,FR7620041078925198027394,FR7653838505519387024688
195,2023-01-23 11:01,-368.65,D,FR7630464898726921514536,FR7635406639365316804200
196,2023-05-07 05:05,-373.42,D,FR7610307565353594204638,FR7614288120902532969281
197,2023-05-04 19:05,-385.26,D,FR7676992469876251645321,FR7687116903683758945348
198,2022-05-18 09:05,-826.72,D,FR7611926267174512287011,FR7621599046840069283644
199,2022-07-18 18:07,746.61,C,FR7628353345515651854883,FR7668391385896787589020
200,2023-10-25 04:10,-809.58,D,FR7695679303443618251364,FR7689685246916065211839
201,2022-01-26 16:01,719.77,C,FR7663485392733344532457,FR7673173411358271123096
202,2022-09-06 23:09,-690.11,D,FR7663439243954010899560,FR7617002658757846752067
203,2022-05-15 20:05,-240.19,D,FR7695924963869512699653,FR7662094545256437473281
204,2022-10-21 03:10,-800.59,D,FR7699653065658618552829,FR7677897264266195239849
205,2023-10-02 13:10,658.13,C,FR7666641117891143428229,FR7643662272756272605370
206,2022-09-08 10:09,958.85,C,FR7642391528496825587362,FR7630025802882643932457
207,2022-05-26 08:05,518.41,C,FR7682676475141361081494,FR7670878691419312307831
208,2022-04-03 22:04,-400.91,D,FR7696273026470013877210,FR7613564780438390325913
209,2023-06-15 08:06,-539.24,D,FR7648035454837868526735,FR7679528344847343484996
210,2022-01-13 20:01,644.31,C,FR7620689871950939886406,FR7613213764119021605112
211,2022-02-26 08:02,340.09,C,FR7637888812925834868517,FR7656194318819022347345
212,2022-09-14 05:09,104.99,C,FR7619196522375719835032,FR7625648357322738691759
213,2023-02-16 07:02,182.18,C,FR7659007236724761082929,FR7614462105245121294834
214,2022-04-23 15:04,699.11,C,FR7644321708447485679431,FR7695425517488725777500
215,2023-10-16 01:10,153.78,C,FR7628089050679539262467,FR7652093753240815694450
216,2022-04-08 08:04,-302.64,D,FR7699116241674221945450,FR7694911403652972512752
217,2023-10-19 08:10,-281.84,D,FR7653999841853674008987,FR7664061110868783084471
218,2023-05-31 21:05,-958.4,D,FR7654421039386386716303,FR7664763363738924689564
219,2023-10-03 13:10,-293.12,D,FR7619485591146714534319,FR7633938294463432965722
220,2022-07-28 16:07,996.49,C,FR7686985484190725648042,FR7647176915154433005347
221,2023-07-24 09:07,570.88,C,FR7699169722376526827140,FR7690473408356257296980
222,2023-04-10 12:04,-178.97,D,FR7622676437817393589288,FR7610338887279272396700
223,2023-10-21 10:10,95.75,C,FR7664446572856312267792,FR7671821853582793073804
224,2023-06-11 08:06,454.15,C,FR7641345087145566481577,FR7695778854883879176074
225,2023-06-10 13:06,-890.24,D,FR7630268011800261187300,FR7642169160545149347966
226,2022-02-20 15:02,-601.41,D,FR7673284023560839676681,FR7676295535173643775978
227,2022-12-28 05:12,963.0,C,FR7627196814746162764081,FR7631664256449281674349
228,2022-11-02 13:11,-685.5,D,FR7640193855484818814171,FR7617836299973234693938
229,2022-11-21 12:11,170.78,C,FR7630549693517950272725,FR7679237659315373831739
230,2022-10-15 05:10,-219.56,D,FR7630516326746768981175,FR7654836865263363001220
231,2023-02-24 21:02,250.9,C,FR7654318202548584376634,FR7652051584196891466499
232,2023-11-06 07:11,509.41,C,FR7627574123388973335642,FR7623513426340967448761
233,2023-11-01 12:11,850.31,C,FR7696258935599171092794,FR7695243680733038392608
234,2023-11-28 07:11,303.56,C,FR7613877682387860614230,FR7629521281197130329800
235,2023-04-25 05:04,513.65,C,FR7633766756675461737531,FR7611329986291052585214
236,2023-05-05 15:05,-553.18,D,FR7626265915409940713369,FR7685357458441055404235
237,2022-10-17 18:10,446.67,C,FR7625759767317638598348,FR7654384317126467316173
238,2022-02-26 10:02,709.17,C,FR7622787463812366627913,FR7628414693795394437656
239,2022-05-26 23:05,-341.42,D,FR7645747247996161995034,FR7690768199316387633651
240,2023-02-27 21:02,356.26,C,FR7631093307612729012691,FR7622821198319575724944
241,2022-09-07 23:09,-996.41,D,FR7619125682830189229471,FR7647217832463221243892
242,2022-08-20 21:08,-97.25,D,FR7698083940597095845800,FR7618338354131172168083
243,2022-11-02 17:11,70.39,C,FR7644313495377457233284,FR7612478356839875012218
244,2023-10-01 11:10,291.8,C,FR7689105336218180347280,FR7658175516307558532056
245,2022-09-27 08:09,365.49,C,FR7618707594801420045532,FR7636485808488553921737
246,2022-03-07 09:03,-274.32,D,FR7697544874705569096445,FR7617326935170343884520
247,2023-07-25 09:07,-36.57,D,FR7670688078710870666446,FR7628738678458473835937
248,2022-04-11 13:04,46.48,C,FR7687538793574819338680,FR7651443217223444204383
249,2022-04-28 14:04,-512.54,D,FR7672411502385471101291,FR7687647256130648811322
250,2023-11-30 09:11,224.57,C,FR7648684752834015613957,FR7641691855805132706334
251,2022-11-18 14:11,408.97,C,FR7666498758440935323312,FR7640976630966241154421
252,2022-10-10 13:10,957.24,C,FR7639924862595476928075,FR7625703437440333757336
253,2023-10-18 06:10,-55.08,D,FR7658416308522922573918,FR7642807023341311111883
254,2022-02-25 05:02,900.27,C,FR7611414344851165484922,FR7652163388560623715213
255,2023-10-08 10:10,-85.04,D,FR7619736685110674264638,FR7658932647950039754678
256,2022-09-17 14:09,-412.63,D,FR7616095239126583299033,FR7699069793783618308993
257,2022-12-16 11:12,703.62,C,FR7668861668150410048182,FR7689215152639434812380
258,2023-01-04 02:01,-875.37,D,FR7675223962272661521894,FR7654824050589045614627
259,2023-04-23 00:04,-279.86,D,FR7696652113133320582174,FR7675792830897477322929
260,2022-06-24 17:06,714.82,C,FR7684482023940516029679,FR7621359015595442371291
261,2022-01-21 12:01,-969.2,D,FR7659476193272388197205,FR7672327034801514228363
262,2023-11-23 09:11,164.93,C,FR7652192751184648961150,FR7646856244951664154039
263,2023-12-19 01:12,10.25,C,FR7671454913618865508901,FR7634273709991678484358
264,2022-06-24 17:06,-154.89,D,FR7666363269645166259894,FR7612418801236575713456
265,2022-08-13 19:08,-476.93,D,FR7649687496442087663538,FR7655291442872934911537
266,2022-01-20 02:01,-748.26,D,FR7638867101945161019430,FR7654679668785484141599
267,2022-11-14 06:11,-910.66,D,FR7615166906613312804815,FR7645069699323549405014
268,2022-03-11 11:03,-633.68,D,FR7654268889474372242881,FR7672994634208828744632
269,2023-06-14 20:06,-430.83,D,FR7688598376576544574975,FR7683456464353446442069
270,2022-07-13 05:07,151.27,C,FR7684488581434079917972,FR7627722937396443337591
271,2023-02-11 20:02,-554.48,D,FR7678775355651166664699,FR7612186428171698334056
272,2023-01-06 07:01,-670.28,D,FR7614005373606511405465,FR7675899769552647424074
273,2023-10-06 16:10,667.56,C,FR7648561702321325309030,FR7633664041750923749423
274,2023-12-17 12:12,-885.06,D,FR7623551324650155073565,FR7696049755928343523758
275,2023-02-04 17:02,-611.75,D,FR7620271829321355138616,FR7636751329155722482089
276,2022-05-07 23:05,711.79,C,FR7612558740420650351406,FR7618961148354974317785
277,2022-05-07 00:05,974.55,C,FR7691828271334018613603,FR7610481160337612788536
278,2023-06-01 18:06,-523.34,D,FR7685164185852516575069,FR7622138923535323297630
279,2023-10-30 02:10,-530.22,D,FR7619911025616045973456,FR7652683399700075099729
280,2022-04-25 21:04,311.05,C,FR7629736709387075062102,FR7678954939469625597147
281,2023-01-17 03:01,-591.12,D,FR7687391586168899956881,FR7697874961602111091926
282,2023-02-19 10:02,363.19,C,FR7655574378491726063893,FR7695259899206561439061
283,2022-04-10 17:04,-906.42,D,FR7645542342687378387578,FR7635592402831277948673
284,2022-06-21 12:06,286.23,C,FR7611216737885635068591,FR7645741755490968517039
285,2023-10-16 00:10,-931.32,D,FR7625327898832634479248,FR7637048552467525508654
286,2023-02-26 20:02,46.12,C,FR7638346149318445746970,FR7611361264656976269537
287,2023-03-25 02:03,123.73,C,FR7613248579367567455416,FR7659858785738096024319
288,2023-06-02 10:06,-266.54,D,FR7643796704190329764641,FR7665816756502439896044
289,2022-04-20 12:04,166.61,C,FR7673065803562283215042,FR7617927692391175749139
290,2023-07-26 05:07,675.08,C,FR7614786195303770096833,FR7687847696672225981222
291,2022-11-03 22:11,953.75,C,FR7685469799493612589714,FR7638078071820952081313
292,2022-11-25 11:11,-400.61,D,FR7616147232663354201928,FR7651194210359972056525
293,2023-06-03 21:06,-977.3,D,FR7625259283573838655552,FR7665419475772519061901
294,2023-12-06 13:12,992.29,C,FR7641141924726952143854,FR7635466618980444208347
295,2023-09-10 18:09,69.22,C,FR7681224315467482794075,FR7610576191383684773570
296,2022-02-18 11:02,722.95,C,FR7624433802642150786073,FR7680728485780939493790
297,2023-02-20 16:02,-932.44,D,FR7657076055163772422480,FR7681287712763675921930
298,2023-04-29 10:04,920.0,C,FR7635527670623252467690,FR7615099963583468688820
299,2023-07-11 23:07,-851.13,D,FR7692323618660874327346,FR7629499070981016113843
300,2023-09-07 16:09,-551.09,D,FR7621204437118934988610,FR7686276657481466666799
301,2023-06-07 12:06,761.89,C,FR7611259385938670746376,FR7643688933508784905114
302,2023-04-05 20:04,-404.65,D,FR7666354932618064986052,FR7651777075714963179044
303,2023-02-25 18:02,-717.22,D,FR7633518739853946693013,FR7641817379335170549437
304,2023-01-08 02:01,683.13,C,FR7661969148254582746657,FR7665908630762783721069
305,2023-11-23 00:11,37.01,C,FR7672968637501818781710,FR7650691622303857936639
306,2022-12-28 21:12,-106.08,D,FR7644371885772430795451,FR7613723653222364454892
307,2023-03-06 21:03,459.64,C,FR7648627502884732929233,FR7697638873535777841477
308,2023-01-26 20:01,750.21,C,FR7661223576539792828811,FR7656807621280322848347
309,2023-12-29 21:12,462.87,C,FR7648936846940826542153,FR7671842783880753728176
310,2023-05-03 10:05,377.62,C,FR7655024896504325021747,FR7672267398479110235057
311,2022-11-07 00:11,236.44,C,FR7694062042567518837035,FR7639896137799560538544
312,2022-11-26 10:11,-45.96,D,FR7694455129431617442347,FR7622142444404061583880
313,2023-04-29 05:04,963.58,C,FR7654021948830477746886,FR7649773192310217773352
314,2023-06-05 09:06,-267.56,D,FR7642651762739642764042,FR7620895870513029112858
315,2023-06-19 12:06,-475.93,D,FR7616516659332622279611,FR7623642735408994995763
316,2023-12-14 09:12,506.35,C,FR7654124694208556256870,FR7698462021245244061028
317,2023-02-22 14:02,207.54,C,FR7654895649445565447163,FR7680091842159330657177
318,2023-07-08 18:07,-326.18,D,FR7669831146423363578892,FR7684419526667992523771
319,2023-04-21 17:04,934.44,C,FR7698353880571650376920,FR7627084060255491338123
320,2022-06-24 00:06,-385.84,D,FR7655948846622473599120,FR7695633471769550471271
321,2022-08-29 01:08,-37.95,D,FR7687943379678594679296,FR7614566416312522809290
322,2022-01-24 02:01,452.22,C,FR7614742557201455404994,FR7696996867485682166643
323,2023-04-11 09:04,354.22,C,FR7634199575305366373631,FR7698499600537031827706
324,2023-10-28 06:10,471.36,C,FR7697862181666250759886,FR7643583015853527403370
325,2022-10-06 17:10,932.21,C,FR7658578412991645861036,FR7623554837872494634530
326,2022-07-19 19:07,371.5,C,FR7622554680516762869326,FR7626106717235264729139
327,2023-09-14 13:09,832.14,C,FR7614641297391268284483,FR7694939617183239045076
328,2023-01-26 08:01,-685.91,D,FR7690895536171928622786,FR7634685831590265964892
329,2023-02-10 22:02,110.59,C,FR7695337060938410023382,FR7629858072303032878599
330,2022-06-18 17:06,-516.73,D,FR7643716537528490866949,FR7620767259348486029052
331,2023-04-22 04:04,463.1,C,FR7627031408401736384801,FR7629537902220790495670
332,2023-02-21 17:02,165.12,C,FR7613961516684033635494,FR7683832033835681895417
333,2022-11-17 02:11,849.96,C,FR7677562973599141588428,FR7664838131602597584082
334,2023-08-10 03:08,150.23,C,FR7664452111782193658934,FR7616287077104757709977
335,2022-02-22 23:02,-158.12,D,FR7618186289600172365737,FR7649153754196991109580
336,2023-01-04 05:01,-168.66,D,FR7661978636837791579762,FR7697473107222868321077
337,2022-08-05 11:08,-916.1,D,FR7690159463349525883519,FR7672385299110468752154
338,2022-10-17 22:10,-243.34,D,FR7633195068249160773030,FR7669945655380443703386
339,2023-07-10 21:07,171.04,C,FR7627685037385285855747,FR7666148521627985135145
340,2023-11-21 21:11,477.9,C,FR7698898378616658406469,FR7650459462302172506641
341,2022-10-18 00:10,520.72,C,FR7644644947975659422500,FR7637188150970210902922
342,2022-02-23 22:02,-868.28,D,FR7610246077377981744821,FR7694855577612234504277
343,2023-01-24 11:01,-473.22,D,FR7675591269597526557652,FR7631117174333733134686
344,2022-11-19 23:11,-392.52,D,FR7650153998546242019036,FR7642032107672811038474
345,2022-07-10 07:07,-869.41,D,FR7684509838283633749188,FR7646345128946184212728
346,2022-01-25 19:01,-817.56,D,FR7667368143705556849719,FR7638288143986283369722
347,2023-01-13 02:01,-380.59,D,FR7621916975361240516260,FR7628049531893850959110
348,2022-12-19 20:12,-966.99,D,FR7647712497930888598772,FR7619355236170085986545
349,2023-09-14 12:09,-967.62,D,FR7651523540434561749489,FR7648606644788216202410
350,2023-01-12 00:01,-357.09,D,FR7696386470135182062023,FR7641706877689787213579
351,2022-10-11 23:10,-287.04,D,FR7630414431321088945902,FR7618322789821594345526
352,2022-01-04 17:01,-368.64,D,FR7667883452451499426938,FR7652104841202854867397
353,2023-08-22 17:08,-716.78,D,FR7611135989453531406869,FR7696409665342690416190
354,2022-06-13 02:06,-470.13,D,FR7664421978865091486990,FR7621713998591092181436
355,2022-07-17 16:07,-618.34,D,FR7670857433225512316705,FR7618277582720262121786
356,2022-07-28 17:07,711.71,C,FR7674221483725937208835,FR7663037860514040158355
357,2023-05-28 19:05,-151.45,D,FR7695907877668998593753,FR7649115227425297154025
358,2023-01-13 02:01,472.44,C,FR7641058319555444789816,FR7651567410775812875465
359,2023-05-28 20:05,430.8,C,FR7645395645976434769740,FR7615199831988721915827
360,2022-01-21 22:01,-27.95,D,FR7686067110659440961340,FR7621512839240659456104
361,2023-04-29 06:04,-617.25,D,FR7618664721502090643419,FR7619823920500473859927
362,2022-08-05 21:08,758.58,C,FR7658374807364239547319,FR7672217904333038902550
363,2023-04-16 15:04,-426.57,D,FR7669786682177663482703,FR7661494387148285842362
364,2023-11-08 04:11,416.56,C,FR7633826961530845949414,FR7671995078770632158236
365,2023-09-03 08:09,-32.62,D,FR7684705682761143187625,FR7681234225310915392541
366,2022-08-28 07:08,-799.29,D,FR7628444332254930775252,FR7655767132654844941021
367,2023-12-11 06:12,570.48,C,FR7631771746687616017236,FR7674327066709619561773
368,2022-03-16 08:03,-725.11,D,FR7682391530760393846907,FR7622679590302314602432
369,2022-06-19 16:06,601.41,C,FR7613711132205529438762,FR7617169167548766814339
370,2023-06-12 07:06,-780.1,D,FR7618337835657382957653,FR7668616614612047736220
371,2023-09-27 01:09,-620.16,D,FR7623279796505180967832,FR7689084590240973027761
372,2022-01-27 17:01,-500.75,D,FR7658549330574272369391,FR7693934251875144003204
373,2023-12-08 12:12,311.84,C,FR7684678834421795325426,FR7618495589299325416210
374,2022-11-28 15:11,720.42,C,FR7699314904439758516053,FR7659548023582084253339
375,2022-03-10 23:03,-627.84,D,FR7681608811419084244515,FR7697711718329398599538
376,2023-02-10 01:02,-34.28,D,FR7644793263479436117545,FR7639356251306730865737
377,2023-12-10 03:12,-151.99,D,FR7634581329561080489203,FR7671099870123115218567
378,2023-02-26 00:02,-364.5,D,FR7688759663421361246958,FR7624301828737938625574
379,2023-06-05 05:06,-694.98,D,FR7657595918273492235283,FR7695853396407145815372
380,2023-02-22 08:02,169.36,C,FR7648492384223260016867,FR7647963574899761531408
381,2023-08-11 14:08,-172.49,D,FR7619318772275452173319,FR7639839600164333255905
382,2023-01-11 05:01,-647.55,D,FR7656209010548796394374,FR7640232057219479631626
383,2022-12-09 04:12,121.96,C,FR7647175599549424012277,FR7613663418207534453446
384,2022-07-01 16:07,153.93,C,FR7641629466386312344701,FR7636764126522063026978
385,2022-05-17 15:05,733.86,C,FR7641229614159295231198,FR7665655722400870595550
386,2023-05-28 00:05,-223.13,D,FR7695276718492428656140,FR7628727916504193291988
387,2023-10-30 21:10,-293.23,D,FR7676983044196753076984,FR7630278400230549086108
388,2023-12-30 02:12,-581.52,D,FR7667522397861681769323,FR7683972815224674385128
389,2023-06-03 04:06,-34.37,D,FR7623805873355312118286,FR7621775271586135469461
390,2022-12-24 02:12,-963.21,D,FR7699697888443776092057,FR7629918630301219628141
391,2023-12-23 04:12,725.72,C,FR7664335260225935604547,FR7649406261721518143313
392,2023-08-17 00:08,497.41,C,FR7673653261150961657307,FR7676432123898242237411
393,2022-03-25 22:03,990.81,C,FR7663258920952886044574,FR7658021756672338468434
394,2023-03-30 12:03,700.34,C,FR7665518628380826613951,FR7670824148690883491332
395,2023-03-09 06:03,-663.23,D,FR7673686982932045704445,FR7610837492894314094255
396,2022-04-29 02:04,145.41,C,FR7696666732616355847006,FR7616339922446467362545
397,2022-07-30 06:07,582.6,C,FR7630546432294110589737,FR7610271605525914051937
398,2023-05-26 03:05,338.37,C,FR7648002695654882912314,FR7651774219559789717427
399,2022-12-25 15:12,765.37,C,FR7674838990581459261401,FR7656195336459386595087
400,2022-01-12 15:01,-638.03,D,FR7669106792141955668681,FR7687692153919654091516
401,2022-01-12 09:01,-356.05,D,FR7637734540202971209231,FR7681851901554714859911
402,2023-09-01 04:09,991.72,C,FR7631229936887359131387,FR7697487254790464151316
403,2022-06-28 12:06,-735.55,D,FR7648901548397440441564,FR7692163866414750647530
404,2022-05-16 23:05,-712.03,D,FR7649279876596724401828,FR7639614207168142993850
405,2023-07-24 05:07,157.11,C,FR7686584073621664944340,FR7685424467840533635461
406,2023-01-06 20:01,955.54,C,FR7635327538724041954818,FR7654797086258831327893
407,2022-06-08 04:06,-615.11,D,FR7616891574740198777018,FR7682324782893282958825
408,2022-12-03 07:12,-760.29,D,FR7667115737325624572030,FR7655452784160315662187
409,2022-10-28 18:10,329.55,C,FR7612911418521179065611,FR7622263554991186743304
410,2023-02-08 18:02,844.3,C,FR7672259182649349829519,FR7693869262829818527746
411,2023-03-05 03:03,-571.32,D,FR7658582261585197432199,FR7660561721257167538838
412,2022-02-08 02:02,-112.63,D,FR7655734495171470807441,FR7653847892647551241708
413,2023-04-23 10:04,791.55,C,FR7656989161818938842358,FR7689672203154194034959
414,2023-04-14 16:04,-129.97,D,FR7652951329357780247808,FR7663623974983561493263
415,2022-08-02 16:08,-297.93,D,FR7655945756332476442574,FR7671747862958554798295
416,2022-05-09 01:05,-830.81,D,FR7618534700666029749575,FR7632261535649083898955
417,2023-07-13 10:07,-315.26,D,FR7640375264771177138529,FR7649398619767635131731
418,2022-01-08 16:01,-88.08,D,FR7693898013556920405923,FR7636519933477556235417
419,2022-08-29 22:08,-538.91,D,FR7611953765586051759763,FR7697118042863540991763
420,2022-10-15 08:10,-28.38,D,FR7648355586218432483792,FR7633824542956687947616
421,2023-12-12 13:12,-607.25,D,FR7625848977838566217226,FR7637688172745185546016
422,2022-11-28 02:11,-182.35,D,FR7673645245406660561126,FR7649056723201843168471
423,2022-06-11 01:06,931.78,C,FR7632264357668931762596,FR7698915871525346129459
424,2023-08-27 21:08,-273.5,D,FR7688125717535512808179,FR7694365294656671076343
425,2023-01-01 16:01,-264.03,D,FR7698596379259073421035,FR7685871505838483197096
426,2023-08-06 10:08,-181.78,D,FR7616944822968332757441,FR7618903057710184647070
427,2022-05-13 14:05,614.99,C,FR7614736728167232698288,FR7627784975233892337996
428,2023-07-21 12:07,68.59,C,FR7642114740182112192518,FR7615577100703961546579
429,2023-10-07 04:10,953.78,C,FR7624378136266475197497,FR7658838488843139639424
430,2023-08-08 13:08,316.54,C,FR7641554881349715666266,FR7663806362972232802807
431,2022-05-28 10:05,-67.97,D,FR7647361736353137946746,FR7691922772504230958018
432,2023-02-22 05:02,-738.79,D,FR7688167402211565825867,FR7662694634213291837812
433,2022-01-23 14:01,137.32,C,FR7613763453431026753677,FR7637225090867212897640
434,2023-07-15 21:07,-227.27,D,FR7668344315573922374828,FR7681589877156335147371
435,2022-02-08 19:02,-189.32,D,FR7618735051357320351152,FR7654074713527519161102
436,2022-06-14 13:06,808.35,C,FR7662789471204639506379,FR7684019381247072487768
437,2022-01-27 00:01,-530.14,D,FR7646092214936298194181,FR7696696073939032344344
438,2023-01-23 01:01,-574.43,D,FR7637557329501368643658,FR7623575354945764103744
439,2022-08-20 07:08,972.12,C,FR7617618902390527859413,FR7627894144826329584141
440,2023-07-21 09:07,2.08,C,FR7613536326275717469955,FR7646276236748544819481
441,2022-06-01 04:06,-670.39,D,FR7629985705171589425192,FR7680054939749290763117
442,2022-12-17 02:12,-958.44,D,FR7617152829533622561006,FR7671241573994841969706
443,2023-04-02 11:04,-258.59,D,FR7649358440445094047599,FR7697731893616837856785
444,2023-06-27 14:06,122.24,C,FR7691213348872983824944,FR7676864794913690144389
445,2022-02-10 14:02,-647.31,D,FR7694216565225141206798,FR7637934907562057312443
446,2023-06-06 18:06,161.43,C,FR7634978484619257744491,FR7679065023146976056173
447,2023-02-03 02:02,-79.46,D,FR7665236757199214317452,FR7672441369478817569979
448,2022-01-02 07:01,-186.0,D,FR7690199620817892745561,FR7625688324695377729394
449,2023-05-01 02:05,997.84,C,FR7682804742302383994207,FR7670834844802062413590
450,2022-09-12 21:09,553.32,C,FR7660188083906211015407,FR7635492336365637572342
451,2022-01-24 22:01,-403.87,D,FR7654775242100623417712,FR7671388533208982508104
452,2023-08-21 21:08,-878.48,D,FR7675262698732248292094,FR7679335513678216732743
453,2022-11-22 11:11,499.96,C,FR7672932651613987767128,FR7697055499808113299007
454,2022-07-28 20:07,850.73,C,FR7638719750966511273786,FR7640719967569030086901
455,2023-11-13 17:11,331.39,C,FR7614278819875229215983,FR7674805954548936553537
456,2023-01-23 10:01,-275.87,D,FR7639811487499474355637,FR7692022466507675576442
457,2023-05-13 00:05,240.59,C,FR7671063296893828661108,FR7694751129174788476416
458,2022-02-23 01:02,906.52,C,FR7657172469229937774423,FR7634225295561067629783
459,2023-02-24 03:02,235.46,C,FR7689068538518891657803,FR7644331311626659696995
460,2023-08-28 10:08,555.19,C,FR7616039119461689449201,FR7644973092688221418937
461,2022-05-09 13:05,351.63,C,FR7697579515962555297444,FR7620101332155791273112
462,2023-05-08 11:05,115.59,C,FR7689677684602946296963,FR7633012857851959026125
463,2022-05-19 22:05,-606.93,D,FR7650572294387394075374,FR7622823630576415265661
464,2022-12-28 15:12,-128.91,D,FR7633953355303980803986,FR7635181815130287254844
465,2023-08-19 08:08,-215.04,D,FR7661842194581892392968,FR7691744337184253666138
466,2022-03-02 16:03,33.07,C,FR7627634320131237827756,FR7655359455555122082764
467,2022-06-02 05:06,656.4,C,FR7624887341890726526231,FR7612191229454354099095
468,2023-01-16 01:01,268.51,C,FR7629015317292029745428,FR7610619461668783279837
469,2022-05-24 22:05,-641.84,D,FR7674673953895638345020,FR7619885134849963283369
470,2023-04-16 04:04,654.27,C,FR7662243842635214023186,FR7628223769496768237084
471,2023-04-03 10:04,78.66,C,FR7680074035158914374627,FR7674537564944237288504
472,2022-09-09 03:09,589.61,C,FR7655029438461797811725,FR7619937893289640816301
473,2022-06-25 10:06,968.45,C,FR7691134409168665062577,FR7650892598357163294706
474,2022-06-06 20:06,842.91,C,FR7680962838456029594984,FR7652189934712227378462
475,2023-11-23 07:11,847.66,C,FR7692261431574550599743,FR7694189352293167474644
476,2023-10-30 16:10,-620.48,D,FR7686269634285959587565,FR7629772515718115269344
477,2023-06-11 13:06,627.34,C,FR7675185011999282036944,FR7645445634800782946645
478,2023-07-01 08:07,-612.1,D,FR7687283751364664567088,FR7695226315124320544794
479,2022-07-17 22:07,-144.02,D,FR7685342614727944568418,FR7671208426885653331166
480,2022-03-19 02:03,343.78,C,FR7629978962138799932742,FR7694052598265596966387
481,2023-12-01 05:12,336.15,C,FR7654283663203366011961,FR7663199674233821721410
482,2022-01-15 05:01,-45.63,D,FR7627375090816159016116,FR7654151513963320009022
483,2022-09-24 13:09,-641.41,D,FR7663317113149018804792,FR7661255886497779797356
484,2022-07-03 12:07,521.29,C,FR7644934488492869417009,FR7626228155933764028916
485,2023-04-05 05:04,169.12,C,FR7656815427433053754905,FR7671956412443198789585
486,2023-09-20 22:09,532.91,C,FR7696682241488214178044,FR7654037060563199325370
487,2022-04-02 18:04,151.86,C,FR7692321261219932586821,FR7618143059330881973640
488,2022-07-27 16:07,-721.11,D,FR7671983636492566198699,FR7640295383680029429755
489,2022-12-24 13:12,164.68,C,FR7673045460969598116989,FR7697255075918222787169
490,2022-03-14 21:03,-718.37,D,FR7686598445479763476692,FR7665523941772090592321
491,2022-05-25 23:05,953.36,C,FR7639266151722267208920,FR7655683415752783631839
492,2023-01-22 18:01,212.43,C,FR7665926624656554605364,FR7677084947187289691590
493,2023-06-27 19:06,-81.71,D,FR7665617440157717592331,FR7687315435905416993743
494,2022-12-28 23:12,643.35,C,FR7672359008679753086484,FR7619762237212143306104
495,2022-12-31 23:12,-758.49,D,FR7638296728795044785455,FR7654798969428055057424
496,2022-06-28 08:06,-315.68,D,FR7660138131847758286589,FR7672452652240346848852
497,2022-03-04 07:03,610.45,C,FR7674008593501113273273,FR7652131333347592887174
498,2022-01-19 21:01,-393.27,D,FR7614389148204370388395,FR7662689088452818463845
499,2023-09-10 22:09,191.28,C,FR7663192453926775354704,FR7689792052661146175855
500,2023-05-05 20:05,132.16,C,FR7651937365745029661714,FR7678328193778631969702
501,2022-08-20 21:08,957.76,C,FR7653251722801780326462,FR7664378286445259696849
502,2023-11-27 20:11,52.28,C,FR7686198022562183277795,FR7690467856541683712211
503,2023-04-06 03:04,412.68,C,FR7659097432272470334213,FR7660894335464730449536
504,2023-05-12 11:05,806.35,C,FR7629163705542390058817,FR7686765951481591151758
505,2022-12-01 12:12,443.72,C,FR7643305575396126095110,FR7619405560184748011931
506,2022-04-01 19:04,-461.33,D,FR7626699245358265466067,FR7699954141632454413730
507,2022-05-01 02:05,887.15,C,FR7675835172534763018126,FR7636085178757788338623
508,2022-06-01 07:06,-653.79,D,FR7645825425139621373395,FR7634042512545368163725
509,2022-03-10 14:03,-569.33,D,FR7639548134207865011276,FR7639695076851923036954
510,2022-02-09 08:02,471.99,C,FR7655545826208436785578,FR7650593374551662152057
511,2022-04-26 20:04,-523.25,D,FR7677154767259688912261,FR7665991580373785935892
512,2023-11-29 00:11,333.83,C,FR7692972584108766422417,FR7625433877209474867036
513,2023-03-18 23:03,168.96,C,FR7697637493620635725207,FR7642574462902881022992
514,2023-12-19 16:12,-614.37,D,FR7656576406416598339782,FR7611803559507075725227
515,2022-08-29 14:08,651.29,C,FR7691929671727451539834,FR7656055159473728677299
516,2022-05-28 11:05,234.94,C,FR7634722848913586499773,FR7687817615781091189117
517,2023-07-08 03:07,255.54,C,FR7610133696626374861510,FR7669058255798112382528
518,2023-07-23 18:07,-624.87,D,FR7655776946600085753658,FR7653176187291511429111
519,2022-08-09 16:08,653.09,C,FR7651456256265648168016,FR7611391406513586773899
520,2023-11-07 10:11,458.12,C,FR7656128973225495537054,FR7610818090549268264999
521,2022-08-29 01:08,592.33,C,FR7684593375808531654011,FR7634121946559330524969
522,2022-06-23 20:06,261.29,C,FR7622063710505075899980,FR7613139252602421809696
523,2022-12-18 07:12,-769.43,D,FR7616081243204856379823,FR7645034655403886309403
524,2023-01-01 19:01,-165.62,D,FR7624429569790946919971,FR7672362498963563359666
525,2023-10-13 19:10,801.48,C,FR7653592701126617759018,FR7652831301297334411377
526,2022-11-26 01:11,165.42,C,FR7680989247612568879962,FR7652054666697683454424
527,2022-04-13 16:04,538.91,C,FR7687506421722225115747,FR7683376855267165783222
528,2023-07-31 23:07,-715.05,D,FR7677217175336144052236,FR7682052721233141696448
529,2022-08-27 06:08,-452.94,D,FR7671845497824475757611,FR7645509211363089734494
530,2022-03-30 00:03,-774.69,D,FR7685853585670435986122,FR7616367859545196807134
531,2022-04-12 02:04,-190.94,D,FR7656768671529359546208,FR7627327355702429257693
532,2022-05-07 13:05,241.39,C,FR7615205531464060932626,FR7661636767852610108954
533,2023-12-16 22:12,496.16,C,FR7686144352333864911797,FR7627976630995595757536
534,2022-05-18 12:05,-493.33,D,FR7617465101158985926709,FR7678914765782416026885
535,2023-09-19 07:09,-1.72,D,FR7625592290825485745962,FR7685606475644281987372
536,2022-03-05 06:03,568.88,C,FR7676558366706464729426,FR7678958703272446068505
537,2022-04-29 14:04,-945.82,D,FR7651062542461362714757,FR7622992006459170381056
538,2022-09-03 10:09,973.97,C,FR7676301729706914223516,FR7645907158371578421101
539,2023-04-11 06:04,43.52,C,FR7617737439659696929005,FR7637243125745621333657
540,2022-12-28 05:12,-116.66,D,FR7615772433549419868663,FR7616847523232271013016
541,2023-10-26 04:10,660.04,C,FR7699316687719312363728,FR7668651156214364044457
542,2022-08-02 00:08,-72.39,D,FR7625924070567536385899,FR7629416721506991425677
543,2022-10-26 20:10,-652.08,D,FR7694445208740841653048,FR7671828672614729889396
544,2022-11-23 13:11,-210.2,D,FR7670797114962966192186,FR7636343552195840836510
545,2022-10-23 00:10,497.81,C,FR7670553994332888999003,FR7670445487246090263056
546,2022-01-05 12:01,13.64,C,FR7627014170854591058725,FR7615088899139149968707
547,2023-06-06 06:06,-729.71,D,FR7690336170267777157443,FR7662911453961143842992
548,2023-10-03 23:10,68.56,C,FR7627506019941494564925,FR7675419855314817693174
549,2023-08-10 18:08,-14.41,D,FR7632729233950938792531,FR7614318749652493998521
550,2022-12-02 08:12,439.24,C,FR7643941918350373156806,FR7685806859518711655180
551,2023-05-11 06:05,918.39,C,FR7651292031244963301723,FR7648702263796332052144
552,2022-03-12 15:03,-224.98,D,FR7667173204686117779857,FR7616766268244862827498
553,2022-11-20 10:11,989.76,C,FR7626378899822160587786,FR7669394088920592964553
554,2023-02-06 20:02,463.16,C,FR7615872592952562668135,FR7634095394752780563742
555,2023-04-02 14:04,538.48,C,FR7689547422948459915891,FR7625373654121557418433
556,2023-03-02 01:03,868.7,C,FR7658151049472312887924,FR7689359700607892396370
557,2023-07-26 05:07,-153.0,D,FR7661041278358477849592,FR7650448452779722784449
558,2022-11-15 01:11,-104.91,D,FR7630485930689099251961,FR7651457172761050536168
559,2022-08-29 02:08,967.99,C,FR7674275788170433676380,FR7657163339309765148531
560,2023-03-29 05:03,252.84,C,FR7650963164207350518520,FR7699905956889584076396
561,2023-08-26 06:08,737.86,C,FR7669795366469272393969,FR7648108406961649848870
562,2022-12-23 02:12,-928.19,D,FR7670084664557757552702,FR7647902755907942173058
563,2023-04-19 10:04,-821.35,D,FR7668969841499152591722,FR7636004255250369912974
564,2022-09-07 02:09,87.05,C,FR7642025562614192957696,FR7637502355681664175140
565,2022-06-22 04:06,807.5,C,FR7620997085461031482655,FR7610983398901161898129
566,2023-11-17 05:11,107.37,C,FR7645651991783311079390,FR7683711452724871407348
567,2023-11-06 21:11,479.83,C,FR7638595345138724724699,FR7691616171624339437072
568,2023-04-27 12:04,151.18,C,FR7675356077259534001043,FR7649449763934714299059
569,2023-10-30 15:10,144.69,C,FR7672249912239215455090,FR7646639092904865037923
570,2022-12-20 20:12,489.66,C,FR7676093990720850442125,FR7691418063590224533711
571,2023-08-31 23:08,-709.08,D,FR7614922490443213721320,FR7643987890781793584746
572,2023-12-18 18:12,583.57,C,FR7613761467251237934723,FR7620518867627943832768
573,2022-01-06 15:01,-114.75,D,FR7642605546942368036044,FR7667807753632768131959
574,2022-05-28 06:05,-710.18,D,FR7671744969471731556956,FR7656511651820428455657
575,2022-02-23 13:02,-438.9,D,FR7620345879684839095254,FR7639557566679353715561
576,2022-10-14 22:10,452.76,C,FR7636803645669887217816,FR7698121814253042389806
577,2023-09-23 02:09,-605.32,D,FR7648265656201832024047,FR7614345429209648583313
578,2023-01-26 20:01,-306.54,D,FR7615785889562560154686,FR7631266111187071875290
579,2023-03-08 02:03,286.5,C,FR7641919784253352668108,FR7623607953827698187976
580,2022-03-03 00:03,337.37,C,FR7670086311769247376459,FR7644627711773286616505
581,2022-02-14 00:02,-474.09,D,FR7668822545525827592679,FR7655286334763547435306
582,2023-05-28 07:05,-177.94,D,FR7653035925895666996302,FR7633808437920883464705
583,2022-01-02 21:01,-263.36,D,FR7693138415862729049118,FR7666427002194480823743
584,2023-03-19 01:03,-896.17,D,FR7674929725307477948257,FR7629742049122534077345
585,2022-09-22 13:09,-599.37,D,FR7662258081328463476109,FR7646867770258510847745
586,2023-05-12 11:05,999.04,C,FR7665559431993986679649,FR7677342161219321329240
587,2022-03-06 03:03,85.93,C,FR7650283087213648505106,FR7658584188386356222791
588,2022-09-04 03:09,-871.28,D,FR7653734605534344464829,FR7692423957945641536086
589,2023-02-06 16:02,-558.49,D,FR7651973843444283685875,FR7671185075818780899910
590,2022-01-03 11:01,635.6,C,FR7674737041836145496441,FR7681775956109583449546
591,2022-04-11 16:04,733.89,C,FR7655035984573984454607,FR7647882855950593595890
592,2023-03-02 10:03,-244.64,D,FR7688783485184142947610,FR7622594680476882971849
593,2023-01-01 04:01,304.93,C,FR7646406697494147965457,FR7637859186399076015346
594,2022-09-23 22:09,449.14,C,FR7619833759246799296633,FR7657543134388880985785
595,2023-02-28 22:02,-618.24,D,FR7689962595752459988960,FR7673006800839091055978
596,2022-07-15 22:07,536.54,C,FR7639046353214983409741,FR7685145729908320579098
597,2023-03-18 18:03,-325.67,D,FR7638659759651127861868,FR7649971051748582921328
598,2023-06-08 19:06,23.58,C,FR7624809112702117348798,FR7686294181303956084853
599,2022-09-01 20:09,103.55,C,FR7619676752528890055663,FR7681163402938115015202
600,2023-04-25 00:04,510.73,C,FR7698233447939455031371,FR7668412870841456167025
601,2022-01-28 18:01,-34.22,D,FR7618153403627121772277,FR7657672392471093577724
602,2022-04-14 13:04,-407.54,D,FR7661001696913087972688,FR7638189293248079652823
603,2023-03-02 13:03,876.8,C,FR7621907585570582473733,FR7687325359986797641548
604,2023-01-21 21:01,604.37,C,FR7679457419456440004265,FR7682272087282178423785
605,2023-03-26 06:03,460.41,C,FR7664682906381612618260,FR7664607031750498673183
606,2022-03-17 03:03,-972.23,D,FR7615906609614980469470,FR7615525583202457639339
607,2023-01-01 18:01,999.56,C,FR7658797354803526153733,FR7638762448361034955409
608,2023-06-03 13:06,-114.93,D,FR7656117151335627679537,FR7625634845547327077046
609,2022-07-08 12:07,-473.81,D,FR7657065896294934464583,FR7683302545104779906309
610,2022-10-20 06:10,-523.2,D,FR7653786036359896912386,FR7653242251924713305951
611,2023-08-21 20:08,-883.4,D,FR7633198076142640573829,FR7688634804122193759133
612,2022-12-14 02:12,-714.73,D,FR7623067995796390004264,FR7640442956925360316873
613,2022-11-19 11:11,24.75,C,FR7687718556526860135883,FR7627828943694532753447
614,2023-06-23 11:06,904.63,C,FR7675797892298745321835,FR7649236112351261859985
615,2023-11-13 07:11,138.82,C,FR7656852443435749213745,FR7679551551817714408183
616,2023-04-15 08:04,-14.9,D,FR7630511977973154184502,FR7690061775616433366660
617,2022-01-19 16:01,-944.22,D,FR7633109383221450263949,FR7631414827219226228146
618,2022-07-30 22:07,205.51,C,FR7645017462107239709244,FR7685922790126854772608
619,2023-03-28 22:03,523.03,C,FR7628549284829856062632,FR7678666753170744253161
620,2022-07-24 16:07,-145.1,D,FR7657413801943290364313,FR7680928506372213066637
621,2023-03-18 22:03,-702.2,D,FR7671226134170749283553,FR7616601784958024855803
622,2023-01-30 16:01,-923.86,D,FR7683341116399638597429,FR7625434463704658006026
623,2022-12-19 04:12,-675.42,D,FR7676443226376595469690,FR7631387766516734416420
624,2022-05-25 08:05,-141.43,D,FR7696922586472379769044,FR7657741818945792162798
625,2022-11-14 11:11,-667.73,D,FR7646954676779831968659,FR7631794720551559745344
626,2022-03-08 15:03,168.02,C,FR7610971639859879039079,FR7634669673475298162426
627,2023-09-05 18:09,-237.24,D,FR7613403918442240552460,FR7650678230400062645449
628,2022-10-27 22:10,-60.6,D,FR7622428154504986746114,FR7680814139701312405829
629,2022-04-16 23:04,-74.83,D,FR7689809190549860657621,FR7628269058897570613952
630,2023-08-31 11:08,-540.44,D,FR7683199508891351824726,FR7699556209686762579121
631,2022-07-16 12:07,840.54,C,FR7632736649460915491331,FR7697881960808983174982
632,2023-10-24 22:10,-621.36,D,FR7632127840971345364500,FR7662006361516928744316
633,2023-05-03 23:05,292.31,C,FR7620611650421621783053,FR7692963620330631422092
634,2023-09-30 23:09,448.36,C,FR7694303655741969636575,FR7694826137243895264855
635,2023-01-30 20:01,-402.69,D,FR7686645713338975672756,FR7644437206466279874989
636,2022-04-23 01:04,-698.88,D,FR7610392449506545139315,FR7667432717317774193766
637,2023-02-08 17:02,-222.72,D,FR7624107867489593738359,FR7617151313418042403279
638,2023-12-16 14:12,961.47,C,FR7651595148588071207998,FR7663555788315621758885
639,2022-09-03 16:09,-962.94,D,FR7611272968860888926152,FR7695933437604125818120
640,2022-09-01 22:09,-510.52,D,FR7649017832826359096011,FR7671151082389913898575
641,2023-12-07 01:12,333.6,C,FR7643156753193395022402,FR7632244072223323795163
642,2022-12-19 21:12,-420.52,D,FR7614308311758390348423,FR7623491819900775956939
643,2023-06-19 08:06,-826.66,D,FR7639886466704525615911,FR7691921911159338534442
644,2022-02-22 10:02,-327.38,D,FR7652754034462946459959,FR7663752491550695243983
645,2022-01-21 19:01,-303.51,D,FR7674867973271612384485,FR7640372082727963292965
646,2022-01-24 09:01,-579.16,D,FR7684547750204972366077,FR7691264554584262561026
647,2023-09-23 08:09,-997.07,D,FR7613807960314290144748,FR7658239251867456948716
648,2023-03-17 07:03,152.57,C,FR7653946203468783717298,FR7680341892201675696260
649,2023-09-24 10:09,-357.42,D,FR7667449590948988538774,FR7664379349718434151428
650,2022-08-09 21:08,935.53,C,FR7688769305582087495996,FR7611217322992189209693
651,2022-06-02 22:06,79.02,C,FR7640038592864778988461,FR7679743258130872164968
652,2023-10-17 14:10,-698.98,D,FR7693613874802555114183,FR7653302055222418201946
653,2023-08-04 08:08,974.7,C,FR7668891782579886233224,FR7620866773909933861367
654,2022-09-30 17:09,-713.31,D,FR7665609706816940428892,FR7639763589256829886616
655,2023-10-17 21:10,-96.13,D,FR7651281926996213898651,FR7673222053736248277030
656,2023-12-04 15:12,-245.04,D,FR7664968041862883195453,FR7680982320934078027781
657,2023-08-10 02:08,742.09,C,FR7655933173403941892242,FR7664387943660764343391
658,2022-10-12 08:10,-232.1,D,FR7647739567489463017443,FR7689935033268170545459
659,2023-09-21 15:09,-785.97,D,FR7691751612553277173441,FR7626207959822348708326
660,2022-09-17 19:09,310.2,C,FR7687523522954215623148,FR7642775228683467435707
661,2022-09-22 07:09,0.18,C,FR7650206765820686103703,FR7694834221715079067143
662,2023-10-09 01:10,-835.09,D,FR7612602440662414042585,FR7671073367256955871206
663,2023-09-30 21:09,-452.14,D,FR7699943828332034598260,FR7652081720466686589916
664,2023-02-13 18:02,-801.03,D,FR7675137718179744546320,FR7617296580565448717652
665,2022-04-01 02:04,-992.27,D,FR7641976843111023933097,FR7692057891546810969132
666,2022-08-28 03:08,-544.14,D,FR7614086481726434774368,FR7659758573276568471866
667,2023-06-11 14:06,-527.79,D,FR7641954789193345326902,FR7637391692199992696188
668,2022-08-30 11:08,-163.83,D,FR7638816922897191906175,FR7620594170256333622917
669,2022-08-08 14:08,377.29,C,FR7616102180408169507098,FR7660139872203185492303
670,2022-06-19 11:06,18.23,C,FR7610141362306643149136,FR7694151269115254923350
671,2022-03-13 22:03,434.76,C,FR7698546952267199667191,FR7634616537373475295683
672,2023-04-09 14:04,906.36,C,FR7696669805187042505937,FR7698509896728974849558
673,2023-03-29 06:03,-14.66,D,FR7664257911865937329642,FR7693637113675419017291
674,2022-11-24 07:11,-491.32,D,FR7656076691779410196310,FR7669855668505986859460
675,2022-10-25 09:10,-319.05,D,FR7655542632221956258583,FR7678865788636120697335
676,2023-07-09 06:07,323.43,C,FR7677416534891430825028,FR7639161004520815915689
677,2023-01-03 02:01,649.87,C,FR7682896923377523187928,FR7680322607634236288524
678,2022-11-29 16:11,-460.92,D,FR7664865158897479804998,FR7611997690498315423596
679,2022-10-06 12:10,-719.26,D,FR7629576058599027032094,FR7633495208347681058257
680,2022-08-16 17:08,-715.85,D,FR7694154752785169288218,FR7661978815531898754323
681,2023-10-20 20:10,831.37,C,FR7672039531380978954307,FR7654676636621126421217
682,2023-05-06 11:05,420.16,C,FR7639503435711013358220,FR7667047734894191194345
683,2023-07-07 13:07,-957.95,D,FR7617416060283329417866,FR7688649283928351355457
684,2022-03-15 07:03,-819.84,D,FR7629009586230155624616,FR7683658736428471746749
685,2022-03-14 07:03,-370.55,D,FR7679314176899883762410,FR7648522633175973549115
686,2022-10-11 15:10,-588.07,D,FR7689863541827051164665,FR7663845982686817701746
687,2023-04-17 13:04,-278.07,D,FR7623086957433948875902,FR7666868815984238254463
688,2022-02-09 20:02,892.86,C,FR7693522706403745408608,FR7674672520893215591304
689,2022-10-03 02:10,971.96,C,FR7689849834636388408463,FR7636702280513723343450
690,2022-11-13 22:11,437.79,C,FR7621649698537789837861,FR7660447260796231274295
691,2023-02-14 01:02,392.79,C,FR7638816083263579185006,FR7662264312343236542052
692,2023-06-24 12:06,-189.08,D,FR7662628865246357011916,FR7610293263396367639079
693,2023-01-17 09:01,388.4,C,FR7675545036306780082556,FR7661645861134538215701
694,2023-09-18 02:09,729.8,C,FR7646962724642465808643,FR7683443663213874007211
695,2023-09-18 17:09,467.3,C,FR7659418297493583288413,FR7691577334219678383267
696,2023-10-05 04:10,156.1,C,FR7615227235293760595170,FR7685418242872556559072
697,2022-05-23 13:05,-156.94,D,FR7633477269979010023972,FR7684517490413759433904
698,2022-09-14 14:09,-161.47,D,FR7670631814223351542481,FR7692628007646089752103
699,2022-10-10 22:10,-310.07,D,FR7670493989807469642731,FR7644731607829560154953
700,2022-03-02 21:03,495.4,C,FR7677868908338558511285,FR7684732349819878169432
701,2023-10-21 19:10,-320.77,D,FR7646686020732740825835,FR7688313467791441502553
702,2023-09-20 17:09,-426.98,D,FR7679971549642818526660,FR7688499481492017585409
703,2023-02-25 20:02,617.12,C,FR7615015102599143279884,FR7674199281344815049409
704,2023-04-03 22:04,683.27,C,FR7665665820156974311414,FR7624526244487836083286
705,2023-01-06 15:01,150.79,C,FR7679153425564814808764,FR7621534242774161246549
706,2023-06-16 19:06,-510.34,D,FR7628415238354463802231,FR7639371759170914416115
707,2022-08-03 19:08,-340.87,D,FR7621564350705825175711,FR7692614715829636133381
708,2023-11-09 14:11,798.26,C,FR7655692456477293007737,FR7692273323565293443691
709,2023-03-11 21:03,639.94,C,FR7664694887942944568648,FR7649989658511046711921
710,2022-04-07 04:04,-245.39,D,FR7649813950471382109341,FR7661255213275941806931
711,2022-02-14 02:02,758.63,C,FR7671008413529617907349,FR7645376847774531132332
712,2022-05-14 16:05,314.67,C,FR7694513210371747618583,FR7670433564581869432060
713,2022-03-01 01:03,964.14,C,FR7612836282902520646555,FR7611414963859758522005
714,2023-07-01 16:07,702.55,C,FR7677457491536554289675,FR7612931601539269424496
715,2023-06-01 14:06,163.63,C,FR7642749165789431003326,FR7638069049600236387444
716,2022-12-02 09:12,800.35,C,FR7612421904876264876403,FR7663247112447939893592
717,2022-03-31 11:03,901.47,C,FR7660434051108111148686,FR7670334184214511514129
718,2022-07-31 23:07,772.44,C,FR7651184581684572493697,FR7695748672942532022633
719,2022-04-15 15:04,-852.15,D,FR7686223341551759919092,FR7654497979397145412143
720,2022-12-15 18:12,-43.58,D,FR7645821336388322826898,FR7664785245375498303104
721,2023-03-30 07:03,228.67,C,FR7672157614307399728498,FR7638382603327866049839
722,2023-08-20 05:08,-170.19,D,FR7679237675948030866207,FR7639466719142360793724
723,2023-09-06 12:09,674.14,C,FR7645144044262050563889,FR7633651286349296818997
724,2023-05-01 09:05,-834.86,D,FR7655528906218025678428,FR7691523757134866062417
725,2023-12-09 06:12,394.68,C,FR7651723628792623089687,FR7688092468464161339253
726,2022-05-26 02:05,465.94,C,FR7647166579792049318601,FR7613686586775729279964
727,2023-08-29 16:08,343.17,C,FR7625462426408058494034,FR7664875021541533164752
728,2023-05-05 07:05,466.15,C,FR7684807009485685258781,FR7632482607769929354033
729,2022-04-16 12:04,-788.12,D,FR7680939132275043303930,FR7627739439662716278937
730,2023-01-29 12:01,-573.29,D,FR7673134667830515013597,FR7617211706296676939272
731,2022-12-28 12:12,208.64,C,FR7663908327358482623824,FR7669775892568113524016
732,2022-02-13 22:02,583.4,C,FR7645693748787762384255,FR7627907093237727817827
733,2022-03-12 05:03,46.66,C,FR7624329095210436518424,FR7612326922550038601005
734,2022-08-05 01:08,-830.33,D,FR7663922645440992506482,FR7628275970617623789804
735,2022-10-13 05:10,-591.88,D,FR7642325915856214801666,FR7630624000712376067012
736,2022-01-30 16:01,498.97,C,FR7633196390714953117259,FR7632668765932138834294
737,2022-10-30 03:10,673.78,C,FR7675214349971985085717,FR7692354378422489886526
738,2022-08-23 05:08,401.71,C,FR7648196158441719597188,FR7663473259515166767156
739,2023-10-21 22:10,-427.06,D,FR7674419850137848865776,FR7639208920158186077339
740,2023-09-15 19:09,-230.33,D,FR7633354033379935771163,FR7615613587712386319416
741,2022-09-11 12:09,911.04,C,FR7660567050200591569590,FR7652022031656589384464
742,2023-01-11 22:01,90.53,C,FR7657093602546115581049,FR7699488712247941893658
743,2023-06-25 11:06,713.86,C,FR7683504319813960455705,FR7626183448782125963463
744,2023-10-22 00:10,51.29,C,FR7623662063813866212383,FR7625777110653377083186
745,2023-09-19 19:09,-766.42,D,FR7635799400528177342522,FR7696285665481089011270
746,2023-05-19 22:05,626.83,C,FR7698827567365954646821,FR7695887798908826071849
747,2023-02-03 21:02,921.39,C,FR7678513427230196529980,FR7616177455165168921464
748,2022-11-07 06:11,-792.73,D,FR7696026172537527109735,FR7654686318841226208794
749,2022-01-08 19:01,603.24,C,FR7615871609130154304131,FR7675935338998771826489
750,2022-09-30 12:09,216.36,C,FR7616586481210114896468,FR7687331437870051859912
751,2023-05-19 11:05,-77.03,D,FR7622707132769465891234,FR7664659771104728468133
752,2023-10-01 10:10,-515.07,D,FR7684404717446531092999,FR7699992464616244047541
753,2023-04-03 15:04,668.23,C,FR7636653258587794077970,FR7695271416717848002466
754,2023-03-12 04:03,29.18,C,FR7661926796576495699900,FR7685857995840835737859
755,2022-01-24 12:01,67.39,C,FR7696902503695116478623,FR7668767309531380384019
756,2023-07-08 13:07,-653.18,D,FR7625677094842011297847,FR7620722390344457562748
757,2022-09-28 06:09,373.37,C,FR7670303078207441351702,FR7672204382607350347227
758,2022-09-10 14:09,-37.08,D,FR7667142307948577212967,FR7650875995365562103153
759,2023-07-02 14:07,8.99,C,FR7624938115188788739040,FR7673554671747182693828
760,2022-09-19 09:09,-676.3,D,FR7663704863466870748335,FR7633518254791162287924
761,2022-03-12 20:03,-922.71,D,FR7638131928554288241947,FR7667803531394696876864
762,2022-04-15 06:04,990.01,C,FR7664972974285862573381,FR7669095110791117927764
763,2022-07-30 23:07,109.06,C,FR7651767943518096351959,FR7615502861440966555019
764,2023-11-26 02:11,-430.59,D,FR7692689203574789096485,FR7619057079178171005772
765,2022-01-17 05:01,571.48,C,FR7621108727315641955342,FR7680423514468077452446
766,2023-11-22 11:11,-176.54,D,FR7684642707420129991883,FR7667636192545098854502
767,2022-10-09 08:10,263.03,C,FR7618059317434428834890,FR7663936575954872603079
768,2023-12-25 23:12,-554.72,D,FR7633255585552217128944,FR7642923840463963383982
769,2022-03-23 05:03,-331.92,D,FR7625086580688062402965,FR7678409861496929559243
770,2022-12-21 05:12,359.93,C,FR7680517763434024831699,FR7666183145189492965628
771,2022-10-13 08:10,-901.88,D,FR7654076027204356636551,FR7610219938157353808785
772,2023-09-30 01:09,-57.92,D,FR7625144276966056805845,FR7686423572753421017619
773,2022-03-22 13:03,-975.53,D,FR7684383560196155223382,FR7670034880233580357144
774,2023-02-25 21:02,-295.37,D,FR7615117463576181998774,FR7641559628466981704042
775,2023-07-29 11:07,952.09,C,FR7632228800575761719726,FR7632504450253440734446
776,2022-02-10 07:02,-917.55,D,FR7612748236397225401719,FR7686598509102443331558
777,2022-08-31 19:08,-524.53,D,FR7673514270500137268269,FR7687417275979478106636
778,2023-07-01 05:07,-392.75,D,FR7611546069933512117528,FR7679138870654489671604
779,2022-12-29 07:12,-264.55,D,FR7612361683443118542380,FR7621124464627151006198
780,2022-08-04 09:08,-231.0,D,FR7625026957320987175418,FR7618912577622829653352
781,2023-08-11 18:08,456.65,C,FR7677286153221244536770,FR7664235977723423017322
782,2022-11-05 23:11,-680.88,D,FR7642323903392449291458,FR7675147056890551866427
783,2023-03-10 22:03,521.25,C,FR7655646047463215111644,FR7698107275988987248069
784,2022-09-17 00:09,15.41,C,FR7631872228123679462927,FR7678433085245234012382
785,2023-03-22 14:03,232.35,C,FR7625621478432967245303,FR7691638109847026777779
786,2023-06-14 00:06,764.94,C,FR7646934811958091268449,FR7653382632723684239387
787,2023-04-12 11:04,-138.2,D,FR7614278303505437294592,FR7623809878608233428302
788,2023-05-16 02:05,654.83,C,FR7625165780901434455248,FR7630465864622195111523
789,2023-02-24 22:02,707.15,C,FR7625431380543287883871,FR7620214002232757057627
790,2023-04-05 17:04,48.08,C,FR7677433108804557771624,FR7647566230479840349709
791,2022-09-21 09:09,177.43,C,FR7683043208680256903696,FR7661059665106564688779
792,2022-05-01 03:05,-92.9,D,FR7665201882312697196871,FR7687896154680419486388
793,2022-03-24 00:03,-952.25,D,FR7687569449307841505283,FR7688016602737348321946
794,2022-07-31 04:07,-765.01,D,FR7665115056187323462065,FR7618557838328823199852
795,2023-11-01 00:11,919.75,C,FR7675787140334763594742,FR7677977963933327354236
796,2023-07-22 10:07,671.49,C,FR7653069699164427941672,FR7687236352643495884792
797,2023-10-14 03:10,333.98,C,FR7666654123818048451467,FR7670559642827091148952
798,2022-07-26 12:07,673.95,C,FR7661688627435713224541,FR7645321758373994288281
799,2022-10-08 00:10,327.65,C,FR7619466529655760955067,FR7681479298333586428402
800,2022-11-02 21:11,-588.46,D,FR7682048153247465473565,FR7614062464654167293927
801,2022-03-31 02:03,-555.52,D,FR7637919210368010207954,FR7677364559389461204782
802,2022-12-18 19:12,-364.72,D,FR7634579494698124348572,FR7631157682581721399128
803,2023-05-25 01:05,-947.83,D,FR7693627636954781087197,FR7667098790459821202801
804,2022-01-29 08:01,776.86,C,FR7648454277390046488963,FR7658443424848058321770
805,2022-06-10 16:06,324.15,C,FR7658183406673221895894,FR7623733737814764759346
806,2022-01-31 21:01,-904.33,D,FR7660179103450239605271,FR7674655786732866251544
807,2023-09-03 07:09,552.97,C,FR7660139160698034235426,FR7645973699303594915522
808,2022-07-12 21:07,-191.66,D,FR7686148272672552305890,FR7698557874512757644844
809,2022-08-11 10:08,982.29,C,FR7680426446375797475480,FR7655191964523322987999
810,2023-07-18 11:07,-632.16,D,FR7680108939577152841213,FR7614348963429166591363
811,2022-05-09 05:05,47.89,C,FR7641485476506614611081,FR7684568035868271313316
812,2022-07-23 16:07,14.7,C,FR7658496756550152591298,FR7642032914680051712422
813,2022-12-31 14:12,112.27,C,FR7654824792271497488387,FR7615582024566019745888
814,2022-06-09 00:06,280.98,C,FR7671778829934149548002,FR7671779794365934469091
815,2022-05-22 22:05,-570.45,D,FR7660499649443632827966,FR7668861293680236289029
816,2023-07-16 03:07,-300.42,D,FR7685809304815376527660,FR7666371047423820492791
817,2022-05-11 19:05,-224.22,D,FR7629657975979323592469,FR7681736443325050682345
818,2022-04-25 16:04,-448.46,D,FR7622393942440654823396,FR7622441504161812721859
819,2022-01-11 11:01,314.92,C,FR7663516439183212606719,FR7618108626588048348879
820,2023-11-30 04:11,553.67,C,FR7651236722934196146456,FR7665442955930778266395
821,2023-08-07 11:08,758.53,C,FR7665365688289363032297,FR7688331993979370394416
822,2023-02-21 16:02,498.01,C,FR7643043685323227667907,FR7617273780704187352153
823,2023-10-07 02:10,796.33,C,FR7661677971967171116661,FR7671224078760927925533
824,2022-04-09 20:04,848.28,C,FR7678317015609428123038,FR7692958925890058046612
825,2022-08-27 19:08,884.65,C,FR7682604245915813469864,FR7678915803992525215594
826,2022-05-16 09:05,752.96,C,FR7621618382573324438815,FR7674965178441447596148
827,2022-05-09 14:05,196.91,C,FR7614726788870515918518,FR7641653935801742847591
828,2023-07-14 22:07,-709.37,D,FR7662942453104963801943,FR7634973869191461405888
829,2023-09-13 15:09,-713.33,D,FR7647619235673387634367,FR7624218229982118782997
830,2023-11-14 04:11,795.95,C,FR7665504518773779035545,FR7625216044787467204597
831,2022-02-26 16:02,475.73,C,FR7638488473545338628062,FR7681617788901997726494
832,2023-04-15 13:04,476.18,C,FR7667393109466757233473,FR7648585729193497472225
833,2023-07-12 06:07,257.11,C,FR7617166777428116186028,FR7630561068478254235655
834,2023-11-03 02:11,712.06,C,FR7664064667260197035125,FR7669726611932643541984
835,2022-02-18 06:02,249.62,C,FR7670583158798585305850,FR7663404359109266247038
836,2022-07-09 07:07,-233.1,D,FR7618414809741536651748,FR7621447424520878402781
837,2023-11-04 00:11,470.98,C,FR7631409221555912796652,FR7617926758878479613736
838,2022-02-10 21:02,877.74,C,FR7660648020878595551421,FR7662785946376643049820
839,2023-03-10 08:03,223.02,C,FR7699866476115695389305,FR7649611815856757175234
840,2023-02-03 09:02,-347.95,D,FR7660229485146242476018,FR7663746902582233017793
841,2022-04-05 04:04,259.66,C,FR7641122375958825619654,FR7699309158551817755306
842,2023-01-02 05:01,611.2,C,FR7667017945670088342188,FR7672317301486793564901
843,2023-07-05 14:07,694.03,C,FR7678138818389549764907,FR7668206709784369873038
844,2022-09-09 15:09,-249.18,D,FR7692234435410899214984,FR7626656917261828858891
845,2023-06-27 20:06,-165.85,D,FR7627837051580524053496,FR7650699728666599638880
846,2022-02-25 00:02,-563.53,D,FR7645299961315347073090,FR7671356861835929066346
847,2022-07-07 09:07,-273.54,D,FR7622569015169242776532,FR7611549994673978891633
848,2022-05-02 08:05,910.15,C,FR7652456567248487914542,FR7677904486478648455247
849,2022-04-18 05:04,78.88,C,FR7651455371821081928269,FR7622207898703923077000
850,2023-06-16 22:06,494.29,C,FR7632814460504868366107,FR7676624706434769487177
851,2022-09-20 21:09,-449.77,D,FR7667519003335562125912,FR7626565981567253073887
852,2022-05-18 14:05,-459.57,D,FR7628442936229812685528,FR7629389277427285507748
853,2022-12-30 08:12,-389.86,D,FR7612068785211944937221,FR7659621372878535082098
854,2022-11-01 16:11,389.71,C,FR7658351436649116016979,FR7633572183233763635221
855,2023-02-28 23:02,-677.76,D,FR7639617734166739515271,FR7613446486188412204940
856,2023-10-04 03:10,687.09,C,FR7667967528162963406373,FR7637891900372827665174
857,2022-10-25 01:10,-106.22,D,FR7620368314102779381776,FR7653638087662920727628
858,2022-08-11 20:08,922.95,C,FR7615571936155153694502,FR7675472285431649827620
859,2023-06-12 04:06,123.87,C,FR7685386851473657926771,FR7638467368299349994884
860,2022-05-10 16:05,775.21,C,FR7684607637290264176556,FR7686503406647274562204
861,2022-07-19 10:07,356.87,C,FR7698347637154617207040,FR7698658276403490667579
862,2022-09-04 04:09,-3.79,D,FR7625845464664638623421,FR7637466699296570227311
863,2023-12-10 05:12,-918.69,D,FR7664794081908869988454,FR7617731871975152664525
864,2022-11-13 00:11,13.63,C,FR7625939794103943795490,FR7689694089378492816170
865,2022-12-19 11:12,827.4,C,FR7696663586413871413518,FR7623652035951677518781
866,2022-10-18 17:10,840.22,C,FR7670438863971070185294,FR7680604309745533238435
867,2023-03-29 06:03,856.63,C,FR7699751484573677378655,FR7653616460479267968709
868,2023-07-21 15:07,-188.66,D,FR7673766053960067863461,FR7696259586405590139936
869,2022-03-06 07:03,-583.46,D,FR7647275021736690442861,FR7680455680837863254342
870,2022-08-08 15:08,347.96,C,FR7681931976393537299171,FR7684164580887779867155
871,2022-03-24 15:03,35.3,C,FR7654527864421983878054,FR7635962102360162778622
872,2023-10-20 19:10,725.39,C,FR7615166871515320018774,FR7653632551241898004646
873,2023-09-06 06:09,-900.49,D,FR7645584243639477038020,FR7614273944986971078744
874,2022-05-12 01:05,-151.16,D,FR7682683990357561426034,FR7619486557659066844683
875,2023-12-23 06:12,-951.48,D,FR7656362729899789297615,FR7682048997645195397218
876,2023-06-23 22:06,-466.06,D,FR7627002367380432266163,FR7620008077161854824147
877,2022-10-29 03:10,473.26,C,FR7625014373744239798528,FR7634853804487182029840
878,2022-12-27 09:12,466.52,C,FR7639841196197569994424,FR7647563979598365743980
879,2023-04-22 03:04,-945.55,D,FR7658829364875775521443,FR7659201176915841162062
880,2022-08-31 11:08,535.25,C,FR7683051276429626881366,FR7688389013753058795389
881,2022-03-31 15:03,432.05,C,FR7669341753358060164889,FR7651195679213214393040
882,2022-11-25 08:11,-638.31,D,FR7633773158629489447584,FR7624518714316046441958
883,2022-06-11 09:06,996.43,C,FR7675185755463349675381,FR7661267398771493253505
884,2023-03-29 20:03,-963.17,D,FR7683516957832254421269,FR7632772657878331782798
885,2022-03-08 00:03,-632.81,D,FR7650666046452641843661,FR7672506063614859868276
886,2023-07-18 12:07,-290.0,D,FR7636468539516592969344,FR7686033266493431468418
887,2023-02-01 09:02,-677.33,D,FR7623705710440745477420,FR7692764803885716648741
888,2022-01-31 08:01,31.23,C,FR7697477231460888336325,FR7678935360463773938357
889,2023-12-20 02:12,-19.97,D,FR7662297867393513643813,FR7613255378742610713179
890,2022-03-22 13:03,-938.8,D,FR7667453031340333668562,FR7666494221265813256102
891,2022-03-11 12:03,-145.97,D,FR7630241853211167111296,FR7656847576886193935175
892,2022-10-23 04:10,748.75,C,FR7665472416212865124272,FR7679391722379816314265
893,2022-05-02 22:05,-0.02,D,FR7627973004833913019147,FR7699706548906826201000
894,2022-11-20 00:11,343.77,C,FR7644209465541824293228,FR7667066292148463355037
895,2022-06-14 06:06,929.87,C,FR7626299634919752253633,FR7618416772878512948353
896,2022-11-12 10:11,-12.2,D,FR7634063283607521327248,FR7696754980330497623451
897,2023-06-02 16:06,765.58,C,FR7640194195670029799566,FR7692072135663120088774
898,2022-06-09 17:06,958.07,C,FR7667011214495119724615,FR7685775488632724124149
899,2022-04-03 15:04,-164.68,D,FR7655234676569233098235,FR7647143567861529722152
900,2023-09-03 19:09,-366.94,D,FR7629743124738712527827,FR7641354156823212218798
901,2023-05-23 01:05,-716.28,D,FR7641192137121043485062,FR7672306449519426538969
902,2023-10-27 13:10,182.63,C,FR7652242262722997769502,FR7662921534939453464738
903,2023-09-15 17:09,-525.49,D,FR7664828649586678863450,FR7610312772834590659624
904,2023-06-17 11:06,90.52,C,FR7644757705428527615637,FR7699785525299240484814
905,2022-06-02 08:06,512.83,C,FR7661983060978686287167,FR7669951168386125509139
906,2023-04-20 12:04,722.15,C,FR7646587851809524626961,FR7629261925741171507296
907,2022-01-14 18:01,945.0,C,FR7647996642777285118930,FR7688094519615151328227
908,2022-06-26 12:06,461.73,C,FR7683322946994622759981,FR7626878099573888144808
909,2023-04-15 19:04,302.76,C,FR7667413759160880655087,FR7667672935597756729624
910,2023-03-17 07:03,-572.4,D,FR7639097385341164625445,FR7668781711833320945712
911,2023-02-07 08:02,323.14,C,FR7698699921783154114871,FR7671043326956891089898
912,2022-08-27 13:08,60.94,C,FR7630399695502831796360,FR7636135602155644472408
913,2022-09-03 03:09,-266.28,D,FR7655497861464857993467,FR7659041926983979939866
914,2023-12-08 03:12,281.03,C,FR7670315939122571711934,FR7638716761477093892155
915,2023-01-30 04:01,-721.0,D,FR7648504220330328776060,FR7636583810293785962524
916,2022-09-06 19:09,973.6,C,FR7619506867213872192082,FR7699781488496494358008
917,2022-05-12 23:05,556.89,C,FR7658939271709338531157,FR7697071983619820886259
918,2023-06-22 05:06,77.51,C,FR7664633320571177054818,FR7644309949552373415117
919,2023-12-08 00:12,-584.34,D,FR7642997144710012269694,FR7610244953655713224948
920,2023-12-23 12:12,-306.39,D,FR7659593690451842423246,FR7689608393335483482861
921,2023-12-09 12:12,-678.34,D,FR7677034464895137864980,FR7632381718611858875630
922,2023-06-08 17:06,128.11,C,FR7639864010817524243429,FR7689741111413874682326
923,2022-09-17 22:09,-476.42,D,FR7654164701947075319096,FR7683974738758672306311
924,2023-10-07 21:10,49.64,C,FR7665979085589865367444,FR7618664896475031821402
925,2022-06-28 02:06,-678.74,D,FR7690091223229134492062,FR7639063201497615683306
926,2023-12-08 01:12,407.73,C,FR7659555359227124855014,FR7616553585524382058649
927,2022-08-17 05:08,203.07,C,FR7691683150420833523730,FR7612993081538574906868
928,2022-01-06 13:01,-605.3,D,FR7624906140352580028461,FR7678136456221971802315
929,2023-10-21 10:10,-38.91,D,FR7652746270851398226846,FR7653332330936474229020
930,2022-04-09 14:04,-639.9,D,FR7656609080936769765570,FR7679121563574810103790
931,2023-06-02 12:06,32.6,C,FR7671551367205454081930,FR7634822864652398856835
932,2022-01-05 11:01,-145.85,D,FR7671855962117853729224,FR7653926501693467138369
933,2023-04-22 06:04,-530.54,D,FR7690177020528726103015,FR7655877912574794154745
934,2023-08-07 11:08,-168.73,D,FR7669347421705824239087,FR7621303989341386654566
935,2023-09-20 17:09,-357.72,D,FR7626611262584017784376,FR7620325846558526463904
936,2023-02-21 16:02,653.29,C,FR7611874690206197847569,FR7611956405573077279850
937,2023-06-24 19:06,226.17,C,FR7625301137173136919441,FR7633318191581250051151
938,2023-05-05 03:05,927.77,C,FR7663202154170767721935,FR7657269814623622826390
939,2022-01-04 05:01,137.06,C,FR7621733488918860028542,FR7644716174963673063553
940,2023-04-25 12:04,466.65,C,FR7684393469782076756027,FR7622394852922869891274
941,2022-03-30 01:03,-697.73,D,FR7637004388878944664467,FR7660853036608022003642
942,2022-01-19 17:01,476.52,C,FR7621921774844246046744,FR7631036864695356033701
943,2023-08-23 17:08,921.99,C,FR7640471505666956037562,FR7674539863326092365312
944,2022-02-15 22:02,-489.43,D,FR7666299100620653561577,FR7644772553622858001537
945,2022-06-22 05:06,729.19,C,FR7645221556981229124367,FR7683723545814927976776
946,2023-05-05 22:05,-63.38,D,FR7646184675671410456778,FR7698276841521379806401
947,2023-04-19 18:04,-477.48,D,FR7613378651727533928130,FR7617605667739997813245
948,2022-03-05 04:03,-36.53,D,FR7677975954160832374191,FR7628219902451322713693
949,2022-07-15 09:07,564.53,C,FR7642366984435366903504,FR7666602521592965978448
950,2023-04-29 20:04,-981.48,D,FR7622849605749663297178,FR7659987372285741033089
951,2022-03-09 15:03,-506.48,D,FR7615656789607122587423,FR7627046431568683952811
952,2022-10-17 15:10,-365.13,D,FR7628847710745748326786,FR7679444730678914009590
953,2023-02-09 23:02,-790.05,D,FR7633624376908382422517,FR7634489506560610587159
954,2022-01-13 00:01,271.97,C,FR7682757899229550102381,FR7624553203867634084385
955,2022-11-05 03:11,686.63,C,FR7691347872599335828567,FR7653679625610343147597
956,2023-03-09 23:03,575.38,C,FR7691427361756967054466,FR7628125920500846851096
957,2022-10-20 12:10,979.32,C,FR7648468833898338467735,FR7622752791359648307864
958,2022-01-06 18:01,-575.08,D,FR7654677986115853867965,FR7699353375150960378878
959,2023-02-17 17:02,-682.87,D,FR7668087736552070827362,FR7672054049394665011478
960,2023-04-02 09:04,250.53,C,FR7627876313344165011765,FR7624537613103932483702
961,2023-07-21 09:07,365.15,C,FR7695498080186644265737,FR7674719570681279266498
962,2023-05-19 19:05,941.98,C,FR7614522944127960822525,FR7610147113210734746404
963,2022-05-06 11:05,-822.44,D,FR7619238708366055344145,FR7673079871104753476000
964,2023-03-22 07:03,-173.92,D,FR7616569683457014316942,FR7644332091789272773314
965,2023-12-14 18:12,-256.68,D,FR7690142994519353148031,FR7668332018547659405011
966,2023-07-17 00:07,44.71,C,FR7693625726925591732074,FR7610867911642093571029
967,2023-02-08 15:02,314.88,C,FR7634412771468921304160,FR7685665167554864554111
968,2023-06-20 20:06,967.7,C,FR7618522884537451185709,FR7689031324964396996421
969,2023-05-11 01:05,879.98,C,FR7652492765774651019928,FR7661421096106010219033
970,2022-08-08 19:08,-518.17,D,FR7616732682622549466406,FR7647057477235695123774
971,2023-07-03 02:07,605.41,C,FR7667833053835570308915,FR7621656414527015564937
972,2023-09-13 04:09,17.53,C,FR7653336029198646613851,FR7689104669156754769881
973,2023-10-06 01:10,-726.19,D,FR7620997115222111903214,FR7676478925113285757257
974,2023-01-24 09:01,-761.28,D,FR7660565499950871772052,FR7658009125935511179385
975,2023-10-30 06:10,-367.6,D,FR7671958210990752478229,FR7680846529594599417848
976,2022-08-24 13:08,22.92,C,FR7639992703876296397027,FR7652976755982051318013
977,2022-03-07 00:03,366.85,C,FR7660725714223918726538,FR7618803354737535663504
978,2022-05-28 09:05,715.03,C,FR7628464858937164413471,FR7674809830721974879584
979,2023-09-12 06:09,-721.85,D,FR7646585572982324804788,FR7619529861892835968325
980,2022-08-17 01:08,884.07,C,FR7648239172591517484000,FR7639066192721099685801
981,2023-04-19 03:04,506.95,C,FR7629972890233390226331,FR7649939576105547465637
982,2022-07-20 18:07,168.09,C,FR7680783255424230604533,FR7668317234274150345782
983,2022-10-07 06:10,-658.61,D,FR7695542230406551731495,FR7676142862958985506963
984,2022-02-07 10:02,847.42,C,FR7658308214297673514335,FR7678085279180870161436
985,2023-11-11 12:11,673.73,C,FR7674093681927032914991,FR7693549979175560097807
986,2023-06-08 02:06,571.91,C,FR7644859297222832713183,FR7630433562671978521203
987,2023-01-06 01:01,-101.27,D,FR7676069045447262387957,FR7695102048229821299686
988,2023-12-20 02:12,272.02,C,FR7694659610825253227032,FR7617637110135575596175
989,2023-03-22 18:03,782.6,C,FR7698522236687699825232,FR7663953381438613121072
990,2022-01-04 11:01,416.35,C,FR7669238502157177864576,FR7684997783233117322968
991,2023-10-11 08:10,-86.75,D,FR7699576859432067446061,FR7611909423569942719239
992,2022-05-14 00:05,965.37,C,FR7657754731719160423316,FR7672589022349044725051
993,2022-11-29 23:11,345.4,C,FR7631754901792054364802,FR7696583175846531709649
994,2022-03-19 11:03,750.07,C,FR7664274928153770768760,FR7614444657852434393463
995,2022-09-13 00:09,262.99,C,FR7694181704429126766273,FR7632797386832872538355
996,2022-04-18 00:04,-736.18,D,FR7648168747845433886254,FR7662785690978723613398
997,2023-09-28 01:09,-881.11,D,FR7695957501853865301458,FR7692548630958548809681
998,2022-01-22 15:01,-8.2,D,FR7695042426807681358732,FR7672486272317271303293
999,2023-02-27 09:02,941.55,C,FR7693136758956542431201,FR7655956413301990397383
1000,2023-04-25 05:04,-929.44,D,FR7668192159875134274801,FR7643352621166693606362
